Timestamp,Bucket 1,Bucket2,Ch1,Ch2,Ch3,Ch4,Ch1,Ch2,Ch3,Ch4,Gross Weight,Gross Weight,
,lbs,lbs,mV,mV,mV,mV,%,%,%,%,lbs,Bucket 1 + 2,diff
2026-29-05 14:42:07,0,0,72,65457,0,0,47.4,6501.1,0,0,-0.052,0,0.052
2026-29-05 14:42:55,1.76,1.68,640,359,0,0,64,35.9,0,0,3.7,3.44,-0.26
2026-29-05 14:44:36,2.3,2.28,596,403,0,0,59.6,40.3,0,0,4.932,4.58,-0.352
2026-29-05 14:46:10,3.16,3.16,566,433,0,0,56.6,43.3,0,0,6.798,6.32,-0.478
2026-29-05 14:47:41,4.34,4.28,548,451,0,0,54.8,45.1,0,0,9.294,8.62,-0.674
2026-29-05 14:48:47,5.44,5.6,527,472,0,0,52.7,47.2,0,0,11.924,11.04,-0.884
2026-29-05 14:50:34,6.5,6.48,528,471,0,0,52.8,47.1,0,0,14.02,12.98,-1.04
2026-29-05 14:51:43,7.26,7.44,517,482,0,0,51.7,48.2,0,0,15.878,14.7,-1.178
2026-29-05 14:53:02,8.44,8.68,512,487,0,0,51.2,48.7,0,0,18.48,17.12,-1.36
2026-29-05 14:55:13,9.52,9.72,510,489,0,0,51,48.9,0,0,20.782,19.24,-1.542
2026-29-05 14:56:41,0,0,480,65017,0,0,48,6501.7,0,0,-0.04,0,0.04
