Timestamp,Meso 26 Top Load,Meso 26 Top PCB Temp,Meso 26 Top Remote Temp,Meso 26 Bot Load,Meso 26 Bot PCB Temp,Meso 26 Bot Remote Temp,Meso 27 Top Load,Meso 27 Top PCB Temp,Meso 27 Top Remote Temp,Meso 27 Bot Load,Meso 27 Bot PCB Temp,Meso 27 Bot Remote Temp,Meso 28 Top Load,Meso 28 Top PCB Temp,Meso 28 Top Remote Temp,Meso 28 Bot Load,Meso 28 Bot PCB Temp,Meso 28 Bot Remote Temp,Meso 29 Top Load,Meso 29 Top PCB Temp,Meso 29 Top Remote Temp,Meso 29 Bot Load,Meso 29 Bot PCB Temp,Meso 29 Bot Remote Temp,Meso 30 Top Load,Meso 30 Top PCB Temp,Meso 30 Top Remote Temp,Meso 30 Bot Load,Meso 30 Bot PCB Temp,Meso 30 Bot Remote Temp
,kg,deg C,deg C,kg,deg C,deg C,kg,deg C,deg C,kg,deg C,deg C,kg,deg C,deg C,kg,deg C,deg C,kg,deg C,deg C,kg,deg C,deg C,kg,deg C,deg C,kg,deg C,deg C
2020-07-31 18:55:07,47.7952,29.8750,27.1250,45.2886,30.0625,26.5625,47.1981,30.3750,26.9375,51.0978,30.5000,0,-34.3103,29.8750,27.0000,-16.4130,30.1250,26.4375,-36.9332,29.8125,26.6250,-32.4882,29.9375,26.4375,-34.1425,30.3125,27.1250,48.9698,30.4375,26.8125
2020-07-31 18:56:07,47.8276,29.8750,27.0000,45.2932,30.0000,26.4375,47.2024,30.3125,26.8125,51.1202,30.4375,0,-34.3405,29.8125,26.9375,-16.4210,30.0000,26.3125,-36.9413,29.8125,26.5000,-32.4862,29.9375,26.3125,-34.1484,30.2500,27.0000,48.9880,30.3750,26.6875
2020-07-31 18:57:08,47.8206,29.8125,27.1250,45.2747,30.0000,26.4375,47.1804,30.2500,26.8750,51.0970,30.4375,0,-34.3596,29.8125,27.0625,-16.4087,30.0000,26.3750,-36.9260,29.7500,26.6250,-32.4920,29.8750,26.3750,-34.1474,30.1875,27.1250,48.9645,30.3125,26.7500
2020-07-31 18:58:07,47.7851,29.8125,27.1250,45.2683,29.9375,26.5000,47.1744,30.2500,27.0000,51.0983,30.3750,0,-34.3586,29.7500,27.0000,-16.4139,29.9375,26.4375,-36.9366,29.7500,26.7500,-32.4904,29.8125,26.5000,-34.1164,30.1250,27.1875,48.9508,30.2500,26.8125
2020-07-31 18:59:07,47.7452,29.8125,26.9375,45.2775,29.9375,26.5000,47.1928,30.2500,27.0625,51.0948,30.3750,0,-34.3369,29.7500,26.9375,-16.4097,29.9375,26.5000,-36.9445,29.7500,26.8125,-32.4989,29.8125,26.5000,-34.0800,30.1250,27.0625,48.9650,30.1875,26.8750
2020-07-31 19:00:08,47.7389,29.8125,26.8125,45.2775,29.9375,26.4375,47.2064,30.1875,27.0625,51.1067,30.3125,0,-34.3395,29.7500,26.8125,-16.4092,29.9375,26.5000,-36.9590,29.7500,26.8750,-32.4924,29.8125,26.5625,-34.1047,30.1250,27.0000,48.9510,30.1875,26.8125
2020-07-31 19:01:07,47.7715,29.8125,27.0625,45.2686,29.9375,26.4375,47.1893,30.1875,27.0000,51.1045,30.3125,0,-34.3647,29.7500,27.0000,-16.4128,29.9375,26.4375,-36.9381,29.7500,26.7500,-32.4888,29.8125,26.5000,-34.1437,30.1250,27.1250,48.9455,30.1250,26.8750
2020-07-31 19:02:07,47.7597,29.8125,27.2500,45.2453,29.9375,26.5625,47.1514,30.1875,27.0625,51.0848,30.3125,0,-34.3538,29.6875,27.1875,-16.4196,29.8750,26.5000,-36.9049,29.7500,26.7500,-32.4844,29.8125,26.5625,-34.1262,30.1250,27.2500,48.9413,30.1250,26.9375
2020-07-31 19:03:07,47.8052,29.8125,27.3125,45.2681,29.9375,26.5625,47.1779,30.1875,26.9375,51.1002,30.3125,0,-34.3647,29.7500,27.2500,-16.4208,29.9375,26.3750,-36.9174,29.7500,26.6250,-32.4833,29.8125,26.4375,-34.1603,30.1250,27.2500,48.9675,30.1250,26.8750
2020-07-31 19:04:07,47.7942,29.8750,27.5000,45.2494,29.9375,26.6250,47.1552,30.1875,27.1250,51.0853,30.3125,0,-34.3644,29.7500,27.4375,-16.4144,29.9375,26.4375,-36.9022,29.7500,26.7500,-32.5020,29.8125,26.5625,-34.1327,30.1250,27.4375,48.9478,30.1250,26.9375
2020-07-31 19:05:08,47.7738,29.8750,27.6250,45.2560,29.9375,26.6250,47.1443,30.2500,27.1875,51.0885,30.3125,0,-34.3553,29.7500,27.5000,-16.4217,29.9375,26.4375,-36.8842,29.8125,26.8125,-32.4917,29.8125,26.5000,-34.1120,30.1250,27.5000,48.9518,30.1250,27.0000
2020-07-31 19:06:07,47.7050,29.9375,27.9375,45.2063,30.0000,26.9375,47.1095,30.2500,27.6250,51.0671,30.3125,0,-34.3376,29.8125,27.8750,-16.4291,30.0000,26.6250,-36.8457,29.8125,27.1250,-32.5109,29.8125,26.8125,-34.0676,30.1250,27.8125,48.9388,30.1250,27.2500
2020-07-31 19:07:07,47.6499,30.0625,28.1875,45.2066,30.0625,27.0000,47.0896,30.3750,27.8125,51.0539,30.3750,0,-34.3540,29.8750,28.0625,-16.4199,30.0625,26.7500,-36.8575,29.9375,27.3750,-32.5140,29.8750,26.9375,-34.0581,30.1875,28.0000,48.9308,30.1250,27.3125
2020-07-31 19:08:08,47.6137,30.1250,28.3125,45.2181,30.1250,27.0000,47.0838,30.4375,27.9375,51.0581,30.4375,0,-34.3533,29.9375,28.1875,-16.4284,30.1875,26.7500,-36.8422,30.0000,27.5000,-32.5147,29.9375,26.9375,-34.0368,30.2500,28.1250,48.9458,30.1875,27.3125
2020-07-31 19:09:07,47.6190,30.2500,28.5000,45.2130,30.1875,27.0625,47.0918,30.5625,28.0625,51.0456,30.5000,0,-34.3497,30.0625,28.3750,-16.4246,30.2500,26.8125,-36.8491,30.1250,27.6250,-32.4909,30.0000,27.0000,-34.0310,30.3750,28.3125,48.9363,30.2500,27.3750
2020-07-31 19:10:07,47.5941,30.3750,28.6875,45.1781,30.3125,27.2500,47.0765,30.6250,28.3750,51.0279,30.5625,0,-34.3695,30.1875,28.6250,-16.4262,30.3750,26.9375,-36.8511,30.1875,27.8125,-32.5317,30.1250,27.1250,-34.0259,30.4375,28.5625,48.9280,30.3125,27.5625
2020-07-31 19:11:08,47.5873,30.5000,28.6875,45.1937,30.4375,27.3750,47.0762,30.7500,28.5625,51.0314,30.6250,0,-34.3756,30.3125,28.6250,-16.4343,30.5000,27.1250,-36.8636,30.3750,28.0625,-32.5185,30.2500,27.3125,-34.0220,30.5625,28.6250,48.9208,30.3750,27.7500
2020-07-31 19:12:07,47.6137,30.6250,28.8125,45.1894,30.5625,27.3750,47.0664,30.8750,28.4375,51.0406,30.7500,0,-34.3722,30.3750,28.6875,-16.4262,30.6250,27.0625,-36.8678,30.5000,28.0000,-32.5219,30.3125,27.2500,-34.0217,30.6875,28.6875,48.9370,30.5000,27.6875
2020-07-31 19:13:07,47.6512,30.6875,28.6875,45.2294,30.6250,27.2500,47.1320,30.9375,28.4375,51.0504,30.8125,0,-34.3792,30.5000,28.6250,-16.4284,30.7500,27.0000,-36.9174,30.5625,28.0000,-32.5176,30.4375,27.1875,-34.0510,30.7500,28.5625,48.9503,30.5625,27.6250
2020-07-31 19:14:07,47.6532,30.8125,28.8750,45.2148,30.6875,27.3125,47.0921,31.0625,28.5625,51.0439,30.9375,0,-34.3712,30.6250,28.7500,-16.4246,30.8750,27.0625,-36.9083,30.6250,28.1250,-32.5261,30.5000,27.3125,-34.0442,30.8125,28.6875,48.9405,30.6250,27.6875
2020-07-31 19:15:07,47.6904,30.9375,29.0000,45.2332,30.8125,27.3125,47.0845,31.1250,28.5625,51.0584,31.0000,0,-34.3799,30.7500,28.8750,-16.4312,31.0000,27.0625,-36.9150,30.7500,28.0625,-32.5178,30.5625,27.2500,-34.0622,30.9375,28.8125,48.9523,30.6875,27.6875
2020-07-31 19:16:08,47.7992,31.0000,28.8125,45.2535,30.8750,27.2500,47.1327,31.1875,28.1875,51.0536,31.1250,0,-34.4247,30.8125,28.7500,-16.4473,31.0625,26.8750,-36.9575,30.8125,27.6875,-32.5096,30.6875,27.0000,-34.1862,31.0000,28.5625,48.9710,30.8125,27.5000
2020-07-31 19:17:07,47.8379,31.0000,28.6250,45.2768,30.9375,27.0625,47.1532,31.2500,28.0625,51.0935,31.1875,0,-34.4184,30.8125,28.5000,-16.4494,31.1250,26.6875,-36.9757,30.8125,27.5000,-32.5196,30.6875,26.8125,-34.2001,31.0625,28.4375,48.9773,30.8750,27.3125
2020-07-31 19:18:07,47.8791,31.0000,28.5625,45.2858,31.0000,26.9375,47.1426,31.2500,27.9375,51.0943,31.1875,0,-34.4140,30.8750,28.4375,-16.4385,31.1250,26.6250,-36.9735,30.8125,27.4375,-32.5145,30.7500,26.8125,-34.1845,31.0000,28.3125,48.9753,30.8750,27.2500
2020-07-31 19:19:08,47.8417,31.0000,28.4375,45.2742,31.0000,26.9375,47.1466,31.2500,28.0000,51.0771,31.1875,0,-34.4169,30.8125,28.3125,-16.4355,31.1250,26.6250,-36.9742,30.8125,27.5000,-32.5140,30.7500,26.8125,-34.1686,31.0000,28.3750,48.9678,30.8750,27.2500
2020-07-31 19:20:07,47.8666,31.0000,28.3125,45.2609,31.0000,27.0000,47.1610,31.2500,27.9375,51.0731,31.1875,0,-34.4496,30.8125,28.1875,-16.4371,31.0625,26.6875,-36.9919,30.8125,27.5625,-32.5183,30.7500,26.8750,-34.1537,31.0000,28.3125,48.9538,30.8750,27.3125
2020-07-31 19:21:07,47.8452,31.0000,27.9375,45.2865,31.0000,26.8750,47.2180,31.2500,27.8125,51.0868,31.1875,0,-34.4459,30.8125,27.8750,-16.4225,31.0625,26.6875,-37.0219,30.7500,27.5000,-32.5114,30.6875,26.8750,-34.1698,31.0000,28.1250,48.9688,30.8750,27.2500
2020-07-31 19:22:08,47.8753,31.0000,28.0625,45.2693,31.0000,26.9375,47.1898,31.2500,27.6250,51.0716,31.1875,0,-34.4389,30.7500,27.9375,-16.4239,31.0000,26.6875,-36.9956,30.7500,27.3125,-32.5105,30.6875,26.8750,-34.1881,31.0000,28.0000,48.9703,30.8750,27.2500
2020-07-31 19:23:07,47.9130,30.9375,28.0000,45.2775,30.9375,26.9375,47.1776,31.1875,27.5625,51.0853,31.1875,0,-34.4351,30.7500,27.8750,-16.4331,31.0000,26.6250,-36.9899,30.6875,27.1875,-32.5027,30.6250,26.8125,-34.2208,30.9375,27.9375,48.9703,30.8750,27.1875
2020-07-31 19:24:07,47.9128,30.8750,27.9375,45.2896,30.9375,26.8125,47.1567,31.1250,27.5000,51.0885,31.1250,0,-34.4077,30.6875,27.8125,-16.4331,30.8750,26.5625,-36.9742,30.6250,27.1250,-32.5163,30.6250,26.7500,-34.1952,30.8750,27.8125,48.9690,30.8125,27.1250
2020-07-31 19:25:07,47.8454,30.8125,27.9375,45.2729,30.8750,26.9375,47.1734,31.1250,27.6250,51.0683,31.1250,0,-34.3632,30.6250,27.8750,-16.4324,30.8750,26.6250,-36.9710,30.6250,27.2500,-32.5225,30.5625,26.7500,-34.1303,30.8750,27.8125,48.9775,30.8125,27.1875
2020-07-31 19:26:07,47.8228,30.8125,27.8125,45.2660,30.8750,26.8750,47.2112,31.0625,27.6875,51.0805,31.1250,0,-34.3526,30.6250,27.6250,-16.4203,30.8125,26.6875,-36.9914,30.5625,27.3750,-32.5129,30.5625,26.8125,-34.1088,30.8125,27.6875,48.9635,30.7500,27.1875
2020-07-31 19:27:08,47.8113,30.7500,28.0000,45.2683,30.8125,26.9375,47.1663,31.0625,27.7500,51.0748,31.0625,0,-34.3502,30.5625,27.8750,-16.4175,30.7500,26.6875,-36.9472,30.5000,27.3750,-32.5118,30.5000,26.8750,-34.1013,30.8125,27.8125,48.9653,30.7500,27.2500
2020-07-31 19:28:07,47.8434,30.7500,28.1250,45.2624,30.8125,26.9375,47.1615,31.0000,27.6875,51.0711,31.0625,0,-34.3874,30.5625,28.0000,-16.4288,30.7500,26.6875,-36.9467,30.5625,27.2500,-32.5096,30.5000,26.8125,-34.1647,30.8125,27.8750,48.9630,30.7500,27.2500
2020-07-31 19:29:07,47.7808,30.6875,28.3125,45.2488,30.8125,27.1250,47.1272,31.0000,28.1250,51.0648,31.0625,0,-34.3654,30.5625,28.2500,-16.4409,30.7500,26.8125,-36.9221,30.5000,27.5000,-32.4851,30.5000,26.9375,-34.1142,30.7500,28.0625,48.9533,30.6875,27.3750
2020-07-31 19:30:07,47.7130,30.8125,28.7500,45.1902,30.8125,27.5625,47.0527,31.0625,28.6250,51.0160,31.0625,0,-34.3504,30.5625,28.6875,-16.4459,30.8125,27.0625,-36.8592,30.5625,27.7500,-32.5259,30.5625,27.2500,-34.0681,30.8125,28.4375,48.9283,30.7500,27.7500
2020-07-31 19:31:07,47.5474,30.9375,29.3125,45.1451,30.8750,27.9375,46.9828,31.1875,29.1875,50.9993,31.0625,0,-34.3199,30.6250,29.3125,-16.4480,30.9375,27.4375,-36.8149,30.7500,28.3125,-32.5363,30.6250,27.6250,-33.9866,30.9375,29.0000,48.9238,30.7500,28.1250
2020-07-31 19:32:07,47.4245,31.1875,29.8125,45.1189,31.0000,28.1875,46.9359,31.3125,29.6875,50.9768,31.1875,0,-34.3035,30.7500,29.8750,-16.4456,31.1875,27.6250,-36.7768,30.9375,28.9375,-32.5504,30.7500,27.8125,-33.8985,31.1250,29.6250,48.9215,30.8750,28.3750
2020-07-31 19:33:07,47.3033,31.3750,30.1250,45.1425,31.1875,28.3125,46.9286,31.5625,30.2500,50.9905,31.3125,0,-34.3243,30.9375,30.1875,-16.4456,31.5000,27.8750,-36.7832,31.1875,29.4375,-32.5580,30.9375,28.1250,-33.8714,31.2500,30.0625,48.9300,31.0000,28.5625
2020-07-31 19:34:07,47.3327,31.6250,29.5000,45.1855,31.3750,28.0625,47.0916,31.7500,29.8750,51.0367,31.5000,0,-34.3466,31.1250,29.5625,-16.4478,31.7500,27.6875,-36.9172,31.4375,29.5000,-32.5549,31.1250,27.8750,-33.9139,31.5000,29.8125,48.9578,31.1250,28.3125
2020-07-31 19:35:08,47.4059,31.8125,29.1875,45.2253,31.5625,27.8125,47.1517,31.8750,29.8750,51.0436,31.6250,0,-34.3410,31.2500,29.2500,-16.4414,32.0000,27.5625,-37.0081,31.6250,29.5625,-32.5433,31.3125,27.6875,-33.9305,31.6250,29.3750,48.9700,31.3125,28.1250
2020-07-31 19:36:07,47.5288,31.8750,29.3750,45.2686,31.6875,27.5625,47.1557,32.0000,29.7500,51.0559,31.7500,0,-34.3606,31.3750,29.4375,-16.4421,32.1250,27.4375,-36.9764,31.7500,29.4375,-32.5299,31.4375,27.5000,-34.0015,31.8125,29.5000,48.9623,31.4375,28.0000
2020-07-31 19:37:07,47.6924,31.9375,29.4375,45.2614,31.7500,27.5000,47.1320,32.0625,29.2500,51.0294,31.8750,0,-34.4044,31.4375,29.3750,-16.4364,32.2500,27.3125,-36.9909,31.8125,28.8750,-32.5346,31.5625,27.3750,-34.0988,31.8750,29.4375,48.9733,31.5625,27.8125
2020-07-31 19:38:08,47.8218,31.9375,29.3125,45.2760,31.8125,27.4375,47.1645,32.0625,29.0000,51.0504,32.0000,0,-34.4452,31.5000,29.1875,-16.4454,32.2500,27.1250,-37.0445,31.8125,28.5625,-32.5232,31.5625,27.1875,-34.1659,31.9375,29.1250,48.9843,31.6875,27.6875
2020-07-31 19:39:07,47.9271,31.8750,29.0625,45.2888,31.8750,27.2500,47.1827,32.0625,28.5625,51.0711,32.0000,0,-34.4433,31.5000,29.0000,-16.4411,32.2500,26.9375,-37.0487,31.7500,28.0625,-32.5263,31.6250,27.0000,-34.2218,31.8750,28.9375,48.9945,31.7500,27.5000
2020-07-31 19:40:07,47.9334,31.8125,28.6875,45.3034,31.8125,27.1250,47.2279,32.0000,28.3750,51.0833,32.0000,0,-34.4259,31.5000,28.5625,-16.4539,32.1250,26.8750,-37.1103,31.6250,27.8750,-32.5183,31.5625,26.9375,-34.2252,31.8125,28.6250,48.9920,31.7500,27.4375
2020-07-31 19:41:08,47.9022,31.6875,28.5000,45.3042,31.7500,27.0625,47.2226,31.9375,28.3750,51.0691,32.0000,0,-34.4005,31.4375,28.3750,-16.4452,32.0000,26.9375,-37.0769,31.5000,27.8750,-32.5085,31.5000,26.9375,-34.2028,31.7500,28.4375,48.9763,31.6875,27.3750
2020-07-31 19:42:07,48.0123,31.6250,28.3750,45.2991,31.6875,27.0000,47.1983,31.8750,28.0000,51.0923,31.9375,0,-34.4566,31.3750,28.3125,-16.4442,31.9375,26.8125,-37.0632,31.4375,27.5625,-32.5022,31.4375,26.8750,-34.2799,31.6875,28.3125,48.9828,31.6250,27.3125
2020-07-31 19:43:07,48.0422,31.5000,28.3125,45.3073,31.6250,26.9375,47.2099,31.7500,27.6875,51.0825,31.8750,0,-34.4767,31.2500,28.1875,-16.4508,31.8125,26.6875,-37.0698,31.3125,27.2500,-32.4960,31.3125,26.8125,-34.3170,31.5625,28.1250,48.9940,31.5625,27.2500
2020-07-31 19:44:08,48.1701,31.3750,27.8750,45.3347,31.5000,26.7500,47.2501,31.6875,27.0625,51.1249,31.8125,0,-34.5057,31.1250,27.8750,-16.4648,31.6250,26.3750,-37.1013,31.1250,26.6875,-32.4982,31.2500,26.4375,-34.4151,31.4375,27.6250,49.0050,31.5000,26.9375
2020-07-31 19:45:07,48.0646,31.1875,27.6875,45.3145,31.4375,26.8125,47.2236,31.5000,27.2500,51.1110,31.6875,0,-34.4109,31.0000,27.6875,-16.4617,31.5000,26.4375,-37.0737,31.0000,26.8125,-32.5025,31.0625,26.5000,-34.3045,31.2500,27.5000,49.0027,31.3750,27.0000
2020-07-31 19:46:07,47.9553,31.1250,27.3750,45.2957,31.3125,26.8125,47.2488,31.3750,27.4375,51.0935,31.6250,0,-34.3734,30.8125,27.4375,-16.4473,31.2500,26.5625,-37.0519,30.8125,27.0625,-32.5087,30.9375,26.6250,-34.1908,31.1250,27.3750,48.9770,31.2500,27.0625
2020-07-31 19:47:08,47.8389,31.0000,27.5625,45.2709,31.1875,26.9375,47.2031,31.3125,27.5625,51.0756,31.5000,0,-34.3710,30.6875,27.5000,-16.4392,31.1250,26.7500,-36.9995,30.6875,27.2500,-32.5056,30.8125,26.7500,-34.1279,31.0625,27.4375,48.9575,31.1250,27.1250
2020-07-31 19:48:07,47.8213,30.8750,27.4375,45.2693,31.1250,26.8750,47.2233,31.1875,27.5625,51.0761,31.4375,0,-34.3792,30.5625,27.2500,-16.4414,30.9375,26.7500,-37.0160,30.6250,27.1875,-32.5040,30.7500,26.7500,-34.1237,30.9375,27.3750,48.9653,31.0625,27.1250
2020-07-31 19:49:07,47.8108,30.8125,27.1250,45.2565,31.0000,26.8750,47.2591,31.1250,27.5625,51.0706,31.3125,0,-34.3495,30.5000,27.0000,-16.4359,30.8750,26.7500,-37.0332,30.5625,27.1875,-32.5040,30.6250,26.8125,-34.1184,30.8750,27.1875,48.9740,31.0000,27.0625
2020-07-31 19:50:08,47.7700,30.6875,27.1250,45.2624,30.8750,26.8750,47.2549,31.0625,27.5625,51.0818,31.2500,0,-34.3374,30.4375,27.1250,-16.4248,30.7500,26.8125,-37.0160,30.5000,27.2500,-32.5127,30.5625,26.8125,-34.0998,30.8125,27.1875,48.9555,30.9375,27.0625
2020-07-31 19:51:07,47.7771,30.6250,27.1250,45.2729,30.8750,26.8125,47.2284,31.0000,27.5000,51.0751,31.1875,0,-34.3342,30.3750,27.0625,-16.4239,30.6875,26.7500,-37.0029,30.4375,27.2500,-32.5076,30.5000,26.8125,-34.0944,30.7500,27.3125,48.9703,30.8750,27.0625
2020-07-31 19:52:08,47.8324,30.5625,26.5625,45.2752,30.7500,26.6875,47.3424,30.9375,27.3125,51.0993,31.1250,0,-34.3139,30.2500,26.5000,-16.4314,30.5625,26.6875,-37.1081,30.3750,27.0000,-32.5076,30.4375,26.7500,-34.1581,30.7500,26.7500,48.9733,30.8125,26.8750
2020-07-31 19:53:07,47.8535,30.5000,26.3750,45.2732,30.6875,26.6875,47.3502,30.8750,27.1875,51.1027,31.0625,0,-34.2805,30.1875,26.3125,-16.4272,30.5000,26.6875,-37.0858,30.2500,26.8125,-32.5060,30.3750,26.6875,-34.1457,30.6250,26.6250,48.9733,30.7500,26.8750
2020-07-31 19:54:07,47.8168,30.3750,26.6875,45.2963,30.6250,26.6250,47.2551,30.7500,27.1250,51.1005,31.0000,0,-34.2892,30.1250,26.5625,-16.4319,30.3750,26.6250,-36.9862,30.1875,26.7500,-32.5000,30.3125,26.6250,-34.1371,30.6250,26.8125,48.9885,30.6875,26.8750
2020-07-31 19:55:08,47.8608,30.3125,26.8750,45.3006,30.5000,26.5625,47.2349,30.6875,26.8125,51.1052,30.8750,0,-34.3308,30.0625,26.8125,-16.4409,30.3125,26.5000,-36.9462,30.1250,26.5625,-32.4826,30.2500,26.5000,-34.1791,30.5625,26.9375,48.9850,30.6250,26.8125
2020-07-31 19:56:07,47.8007,30.2500,27.0625,45.2791,30.4375,26.5625,47.1872,30.6250,27.0000,51.0898,30.8125,0,-34.3284,29.9375,27.0000,-16.4352,30.2500,26.5000,-36.9260,30.1250,26.6875,-32.4920,30.1875,26.5000,-34.1305,30.5000,27.0625,48.9700,30.5625,26.8750
2020-07-31 19:57:07,47.7678,30.1875,27.2500,45.2494,30.3750,26.6875,47.1829,30.5625,27.1250,51.0786,30.7500,0,-34.3364,29.8750,27.1250,-16.4286,30.1875,26.5625,-36.9118,30.0625,26.7500,-32.5071,30.1875,26.6250,-34.1118,30.4375,27.2500,48.9525,30.5000,26.9375
2020-07-31 19:58:08,47.7640,30.1250,27.2500,45.2594,30.3125,26.7500,47.2049,30.5625,27.1250,51.0820,30.6875,0,-34.3492,29.8750,27.1250,-16.4390,30.1250,26.6250,-36.9282,30.0000,26.8125,-32.4967,30.1250,26.6250,-34.1242,30.4375,27.2500,48.9648,30.4375,27.0000
2020-07-31 19:59:07,47.7778,30.1250,27.1250,45.2619,30.3125,26.6875,47.2064,30.5000,26.9375,51.0975,30.6875,0,-34.3773,29.8125,27.0000,-16.4383,30.1250,26.5000,-36.9295,30.0000,26.6250,-32.4962,30.0625,26.5000,-34.1313,30.3750,27.1875,48.9820,30.4375,26.8750
