Timestamp,Bucket 1,Bucket2,Ch1,Ch2,Ch3,Ch4,Ch1,Ch2,Ch3,Ch4,Gross Weight
,lbs,lbs,mV,mV,mV,mV,%,%,%,%,lbs
2026-29-05 15:40:05,0,0,0.71,-0.79,0.0,0.0,47.9,6501.6,0.0,0.0,-0.04
2026-29-05 15:41:07,1.76,1.68,3.55,2.02,0.0,0.0,63.8,36.1,0.0,0.0,3.712
2026-29-05 15:42:45,3.14,2.80,5.74,3.88,0.0,0.0,59.6,40.3,0.0,0.0,6.406
2026-29-05 15:43:46,4.46,4.36,7.89,6.45,0.0,0.0,55.0,44.9,0.0,0.0,9.564
2026-29-05 15:44:38,6.28,5.54,10.78,8.38,0.0,0.0,56.2,43.7,0.0,0.0,12.782
2026-29-05 15:46:09,7.52,7.36,12.77,11.39,0.0,0.0,52.8,47.1,0.0,0.0,16.104
2026-29-05 15:47:01,9.08,8.90,15.26,13.91,0.0,0.0,52.3,47.6,0.0,0.0,19.466
2026-29-05 15:48:09,10.38,8.90,17.33,13.9,0.0,0.0,55.4,44.5,0.0,0.0,20.842
